filename,label
audio_128.wav,2.7182776766329617
audio_156.wav,3.9713038416762245
audio_19.wav,4.233071841285615
audio_108.wav,2.693449205474537
audio_206.wav,1.9820335406343206
audio_161.wav,3.0265569032063624
audio_215.wav,2.4882248045775497
audio_213.wav,2.5672492948714263
audio_11.wav,2.564697570575305
audio_155.wav,3.8502309209419447
audio_39.wav,3.3556057525470284
audio_168.wav,3.2442359213033827
audio_133.wav,2.9054890597830445
audio_28.wav,2.4830128475252087
audio_40.wav,3.719317154387269
audio_181.wav,3.126731731443263
audio_201.wav,2.9839014620476307
audio_182.wav,2.7938315561008484
audio_126.wav,2.136076600303953
audio_10.wav,2.1833537871388637
audio_134.wav,0.8695150751140064
audio_69.wav,3.3225898167948436
audio_112.wav,3.0153024097161825
audio_180.wav,2.522365666495592
audio_177.wav,3.7400357814250236
audio_77.wav,4.934815607657317
audio_111.wav,3.271380480678292
audio_18.wav,3.3286730329685947
audio_175.wav,4.6405424654645975
audio_33.wav,3.9386768794468177
audio_15.wav,2.852836915724549
audio_4.wav,3.1505725650772582
audio_27.wav,3.145392031692189
audio_96.wav,2.932114907155868
audio_116.wav,3.3565904820850285
audio_1.wav,2.8361206217364208
audio_22.wav,3.465998219629907
audio_114.wav,1.8740018023858693
audio_146.wav,2.6761929499733643
audio_46.wav,5.0
audio_144.wav,2.6648298819341116
audio_75.wav,4.286162539770992
audio_200.wav,3.4841000309962356
audio_196.wav,2.466656179514683
audio_190.wav,2.7925594388427206
audio_158.wav,2.059250781397368
audio_17.wav,2.094871744520736
audio_105.wav,3.92897288939449
audio_141.wav,2.677331781480118
audio_129.wav,3.512142849862621
audio_6.wav,4.111846069492744
audio_70.wav,4.876071726065876
audio_35.wav,3.160148998825681
audio_203.wav,2.421930302770307
audio_90.wav,4.060767947479155
audio_16.wav,2.8664780630768605
audio_138.wav,3.7586581424849252
audio_100.wav,3.4494786117995524
audio_115.wav,2.5654292085525108
audio_118.wav,3.7854017838236973
audio_137.wav,3.7102484646108937
audio_101.wav,3.2654014973051693
audio_193.wav,2.2757471507453917
audio_102.wav,3.603055071732892
audio_52.wav,2.9398466870519617
audio_172.wav,2.6076501377357095
audio_191.wav,3.183392765471499
audio_194.wav,3.5583005435375443
audio_67.wav,3.6777728708811113
audio_160.wav,2.537697727061655
audio_179.wav,1.5502762283361065
audio_55.wav,3.3964033152815136
audio_145.wav,3.119998871514723
audio_197.wav,3.381928584638892
audio_139.wav,2.6282924865471005
audio_91.wav,3.5140400120129534
audio_8.wav,2.566972338121934
audio_136.wav,2.91702315079413
audio_199.wav,2.558838522549925
audio_110.wav,4.445392231136302
audio_208.wav,3.3318462129110835
audio_152.wav,3.6148999468572693
audio_94.wav,2.936740290433586
audio_174.wav,3.812450544228215
audio_23.wav,4.110630155802627
audio_56.wav,3.2045272791862978
audio_97.wav,3.166241679864602
audio_148.wav,3.1406313028974213
audio_59.wav,3.534627756109018
audio_5.wav,2.409277808874615
audio_119.wav,3.4558739106334406
audio_80.wav,3.805384414044422
audio_58.wav,3.3699190768450613
audio_123.wav,3.13482810199513
audio_188.wav,3.3803863202130175
audio_121.wav,1.787108079229051
audio_107.wav,2.730630657603069
audio_214.wav,3.730579087489322
audio_73.wav,4.843820004448096
audio_169.wav,3.1729846463787568
audio_7.wav,2.8245217031521226
audio_42.wav,3.5856069220209985
audio_88.wav,4.230019405819535
audio_64.wav,2.0401055245728585
audio_195.wav,3.056642126649086
audio_57.wav,3.525858195271547
audio_13.wav,3.022666707618374
audio_125.wav,2.9431822044405953
audio_209.wav,3.7104947362459244
audio_211.wav,3.0260239522858363
audio_63.wav,2.9793647294773393
audio_86.wav,4.529155121459985
audio_78.wav,4.567717008470681
audio_38.wav,3.100338524181429
audio_186.wav,2.5444057955711017
audio_154.wav,3.5771230736422397
audio_21.wav,2.49020401709238
audio_120.wav,2.613437767468793
audio_183.wav,2.511545707195661
audio_25.wav,4.2382192668103755
audio_122.wav,2.4980037068452594
audio_36.wav,4.385126769772923
audio_76.wav,4.478764168171871
audio_163.wav,2.1854598167408277
audio_83.wav,3.548760686827497
audio_103.wav,2.909727507982016
audio_93.wav,3.9956944678903983
audio_26.wav,3.8147472212865132
audio_72.wav,5.0
audio_210.wav,2.3170558702736224
audio_104.wav,1.9683043401999472
audio_81.wav,4.319330433742692
audio_166.wav,3.534660482899379
audio_202.wav,2.3536128759718977
audio_185.wav,2.827483092716878
audio_9.wav,2.6467526995387174
audio_207.wav,2.578757178030073
audio_127.wav,3.0124034295046735
audio_12.wav,2.9865495896995435
audio_132.wav,2.2775165999905163
audio_109.wav,2.2771890679936746
audio_32.wav,3.9642702684396487
audio_178.wav,3.412586132859768
audio_61.wav,3.196364469820866
audio_34.wav,3.335134000771052
audio_106.wav,2.822386235872219
audio_49.wav,4.379775879623143
audio_149.wav,3.008006848867357
audio_30.wav,4.091340252468358
audio_131.wav,3.225074009678054
audio_162.wav,1.740532456962784
audio_204.wav,2.8305961764809187
audio_198.wav,3.040263095276652
audio_135.wav,3.2125472848854
audio_187.wav,3.5210360782716954
audio_3.wav,3.1362531185273883
audio_98.wav,4.127052874820246
audio_159.wav,3.3749271993781207
audio_167.wav,3.029143081168496
audio_205.wav,2.9309641689510055
audio_95.wav,3.578397902536638
audio_68.wav,3.7010936918823476
audio_31.wav,4.529364387259771
audio_157.wav,3.498194631520675
audio_89.wav,3.7072632732637425
audio_82.wav,3.994189585788696
audio_53.wav,2.7021970835292235
audio_37.wav,4.811942822519697
audio_113.wav,2.4083466896844237
audio_85.wav,4.2256099470476105
audio_173.wav,4.120675925774571
audio_41.wav,4.473552670585495
audio_51.wav,2.1355915040869116
audio_143.wav,3.199615136181672
audio_92.wav,4.364921476739504
audio_74.wav,4.825731727757453
audio_0.wav,3.015369004758247
audio_147.wav,3.445939163629008
audio_130.wav,1.945181014970288
audio_192.wav,2.647579926583708
audio_43.wav,5.0
audio_65.wav,2.4863621961674522
audio_14.wav,3.109303699707873
audio_117.wav,3.2539870307015635
audio_212.wav,2.6016587527138
audio_79.wav,4.26043914227019
audio_171.wav,2.3754669761414235
audio_60.wav,3.3604408449535814
audio_153.wav,3.5225124661753546
audio_176.wav,2.70912817147087
audio_2.wav,2.7223014915765895
audio_50.wav,3.8754141357582
audio_29.wav,3.749407116401917
audio_142.wav,3.7947107568066882
audio_47.wav,3.597650492995164
audio_84.wav,4.150160004026134
audio_164.wav,2.0282399812452354
audio_48.wav,3.919641083646142
audio_189.wav,2.501540601784661
audio_151.wav,3.082993923864543
audio_66.wav,2.2447722852731404
audio_44.wav,4.1283759548587895
audio_150.wav,3.2627657867152866
audio_87.wav,3.982010016085945
audio_99.wav,3.1418876869656787
audio_62.wav,3.1534453706112964
audio_20.wav,2.5325550064461577
audio_124.wav,3.47764744080011
audio_54.wav,3.707129341144244
audio_45.wav,5.0
audio_71.wav,4.337255015812043
audio_184.wav,2.5641133801435902
audio_24.wav,1.3242248289320184
audio_140.wav,3.2045009318733015
audio_165.wav,2.7244198913804833
audio_170.wav,2.3298807205129677
